-- phpMyAdmin SQL Dump
-- version 4.9.7
-- https://www.phpmyadmin.net/
--
-- Host: localhost:3306
-- Generation Time: Apr 02, 2022 at 04:13 PM
-- Server version: 10.3.34-MariaDB-log-cll-lve
-- PHP Version: 7.3.32

SET SQL_MODE = "NO_AUTO_VALUE_ON_ZERO";
SET AUTOCOMMIT = 0;
START TRANSACTION;
SET time_zone = "+00:00";


/*!40101 SET @OLD_CHARACTER_SET_CLIENT=@@CHARACTER_SET_CLIENT */;
/*!40101 SET @OLD_CHARACTER_SET_RESULTS=@@CHARACTER_SET_RESULTS */;
/*!40101 SET @OLD_COLLATION_CONNECTION=@@COLLATION_CONNECTION */;
/*!40101 SET NAMES utf8mb4 */;

--
-- Database: `angumbhj_youtube`
--

-- --------------------------------------------------------

--
-- Table structure for table `playlists`
--

CREATE TABLE `playlists` (
  `playlist_id` int(11) NOT NULL,
  `title` varchar(200) NOT NULL
) ENGINE=InnoDB DEFAULT CHARSET=latin1;

--
-- Dumping data for table `playlists`
--

INSERT INTO `playlists` (`playlist_id`, `title`) VALUES
(7, '90s'),
(22, 'Africa'),
(25, 'Africa (Rumba)'),
(19, 'Ambient'),
(18, 'British'),
(1, 'Classic Rock'),
(15, 'College Rock'),
(6, 'Dance'),
(3, 'Hip-Hop'),
(21, 'House'),
(16, 'Japan'),
(24, 'Khomasdal'),
(17, 'Korea'),
(5, 'Love Songs'),
(11, 'Metal'),
(20, 'POP'),
(9, 'RnB'),
(8, 'Shkari'),
(12, 'Soul'),
(23, 'South Africa (Kwaito)'),
(10, 'The 70s'),
(4, 'The 80s'),
(14, 'Trip-Hop'),
(13, 'Yeah Yeah Yeahs');

-- --------------------------------------------------------

--
-- Table structure for table `playlistsvideos`
--

CREATE TABLE `playlistsvideos` (
  `psid` int(11) NOT NULL,
  `playlist_id` int(11) NOT NULL COMMENT 'Playlist',
  `video_id` int(11) NOT NULL COMMENT 'Song'
) ENGINE=InnoDB DEFAULT CHARSET=latin1;

--
-- Dumping data for table `playlistsvideos`
--

INSERT INTO `playlistsvideos` (`psid`, `playlist_id`, `video_id`) VALUES
(3, 1, 11),
(4, 1, 9),
(5, 1, 10),
(6, 3, 40),
(7, 3, 39),
(8, 4, 47),
(9, 4, 38),
(10, 4, 36),
(11, 4, 52),
(12, 4, 51),
(13, 4, 56),
(14, 4, 2),
(15, 4, 48),
(16, 4, 69),
(17, 4, 46),
(18, 4, 57),
(19, 4, 58),
(20, 4, 53),
(21, 5, 12),
(22, 5, 72),
(23, 5, 45),
(24, 5, 77),
(25, 5, 38),
(26, 5, 52),
(27, 5, 59),
(28, 5, 74),
(29, 5, 73),
(30, 6, 7),
(31, 6, 6),
(32, 6, 5),
(33, 6, 82),
(34, 1, 84),
(35, 6, 86),
(36, 6, 87),
(37, 6, 88),
(38, 7, 90),
(39, 7, 85),
(40, 6, 31),
(41, 6, 30),
(42, 6, 28),
(43, 6, 23),
(44, 5, 34),
(45, 7, 84),
(46, 5, 92),
(48, 7, 10),
(49, 7, 94),
(50, 8, 94),
(51, 8, 96),
(52, 6, 97),
(53, 3, 98),
(54, 3, 99),
(55, 3, 100),
(56, 3, 101),
(57, 9, 103),
(58, 9, 104),
(59, 9, 97),
(60, 9, 105),
(61, 5, 106),
(62, 5, 107),
(63, 5, 89),
(64, 5, 108),
(65, 5, 109),
(66, 5, 110),
(67, 5, 9),
(68, 5, 111),
(69, 3, 8),
(70, 3, 112),
(71, 3, 113),
(72, 3, 114),
(73, 3, 115),
(74, 3, 116),
(75, 3, 118),
(76, 3, 117),
(77, 3, 102),
(78, 9, 119),
(79, 9, 120),
(80, 9, 121),
(81, 9, 122),
(82, 3, 123),
(83, 3, 124),
(84, 9, 125),
(85, 9, 126),
(86, 3, 127),
(87, 3, 128),
(88, 9, 130),
(89, 9, 129),
(90, 9, 132),
(91, 9, 131),
(92, 9, 133),
(93, 3, 134),
(94, 3, 136),
(95, 3, 135),
(96, 3, 137),
(97, 9, 139),
(98, 7, 140),
(99, 6, 141),
(100, 7, 142),
(101, 7, 147),
(102, 7, 148),
(103, 7, 146),
(104, 4, 22),
(105, 6, 149),
(106, 6, 150),
(107, 5, 151),
(108, 7, 152),
(109, 7, 153),
(110, 4, 155),
(111, 4, 156),
(112, 7, 158),
(113, 7, 106),
(114, 7, 105),
(115, 10, 159),
(116, 4, 160),
(117, 4, 161),
(118, 5, 161),
(119, 10, 162),
(120, 10, 157),
(121, 10, 163),
(122, 7, 165),
(123, 7, 14),
(124, 7, 166),
(125, 1, 167),
(126, 1, 168),
(127, 1, 169),
(128, 6, 170),
(129, 11, 171),
(130, 7, 172),
(131, 7, 173),
(132, 7, 174),
(133, 7, 175),
(134, 7, 176),
(135, 7, 177),
(136, 7, 178),
(137, 7, 179),
(138, 5, 184),
(139, 5, 22),
(140, 5, 181),
(141, 5, 182),
(142, 5, 183),
(143, 5, 180),
(144, 5, 148),
(145, 5, 185),
(146, 7, 186),
(147, 7, 187),
(148, 6, 44),
(149, 6, 188),
(150, 6, 189),
(151, 7, 191),
(152, 7, 190),
(153, 12, 164),
(154, 12, 157),
(155, 12, 192),
(156, 12, 33),
(157, 12, 193),
(158, 12, 194),
(159, 12, 195),
(160, 6, 196),
(161, 12, 197),
(162, 12, 198),
(163, 12, 67),
(164, 7, 18),
(165, 7, 17),
(166, 3, 201),
(167, 3, 202),
(168, 3, 203),
(169, 3, 204),
(170, 3, 205),
(171, 3, 207),
(172, 11, 210),
(173, 11, 209),
(174, 11, 212),
(175, 11, 211),
(176, 11, 213),
(177, 11, 216),
(178, 11, 215),
(179, 11, 214),
(180, 11, 217),
(181, 11, 218),
(182, 13, 220),
(183, 14, 226),
(184, 14, 230),
(185, 14, 228),
(186, 14, 229),
(187, 14, 227),
(188, 14, 225),
(189, 14, 224),
(190, 14, 222),
(191, 14, 223),
(192, 7, 231),
(193, 7, 240),
(194, 7, 234),
(195, 7, 233),
(196, 7, 232),
(197, 7, 237),
(198, 7, 239),
(199, 7, 235),
(200, 7, 236),
(201, 7, 241),
(202, 7, 242),
(203, 7, 246),
(204, 7, 247),
(205, 7, 249),
(206, 7, 248),
(207, 7, 250),
(208, 7, 251),
(209, 7, 252),
(210, 7, 254),
(211, 7, 253),
(212, 7, 255),
(213, 7, 259),
(214, 7, 258),
(215, 7, 244),
(216, 7, 260),
(217, 11, 261),
(218, 11, 262),
(219, 11, 263),
(220, 10, 59),
(221, 10, 77),
(222, 10, 48),
(223, 10, 42),
(224, 10, 83),
(225, 13, 266),
(226, 13, 268),
(227, 13, 267),
(228, 13, 265),
(229, 5, 269),
(230, 5, 76),
(231, 1, 256),
(233, 1, 94),
(234, 7, 270),
(235, 7, 271),
(236, 7, 272),
(237, 7, 274),
(238, 7, 273),
(239, 7, 275),
(240, 15, 274),
(241, 15, 273),
(242, 15, 275),
(243, 15, 254),
(244, 15, 253),
(245, 15, 255),
(246, 15, 252),
(247, 15, 251),
(248, 15, 277),
(249, 15, 152),
(250, 15, 238),
(251, 15, 278),
(252, 15, 280),
(253, 15, 281),
(254, 15, 236),
(255, 15, 250),
(256, 15, 235),
(257, 15, 246),
(258, 15, 247),
(259, 15, 186),
(260, 15, 165),
(261, 15, 243),
(262, 15, 276),
(263, 15, 271),
(264, 15, 270),
(265, 15, 169),
(266, 15, 282),
(267, 15, 283),
(268, 15, 284),
(269, 15, 231),
(270, 15, 285),
(271, 15, 279),
(272, 15, 287),
(273, 15, 288),
(274, 15, 289),
(275, 15, 291),
(276, 15, 290),
(277, 15, 292),
(278, 15, 294),
(279, 15, 293),
(280, 15, 295),
(281, 7, 20),
(282, 7, 21),
(283, 7, 296),
(284, 7, 297),
(285, 7, 299),
(286, 7, 298),
(287, 7, 300),
(288, 7, 301),
(289, 7, 285),
(290, 7, 294),
(291, 7, 243),
(292, 7, 9),
(293, 7, 293),
(294, 15, 297),
(295, 15, 300),
(296, 15, 299),
(297, 15, 298),
(298, 15, 302),
(299, 15, 303),
(300, 15, 304),
(301, 11, 305),
(302, 11, 306),
(303, 11, 307),
(304, 11, 309),
(305, 11, 308),
(306, 11, 311),
(307, 11, 312),
(308, 11, 310),
(309, 11, 313),
(310, 7, 314),
(311, 10, 315),
(312, 10, 56),
(313, 10, 316),
(314, 7, 317),
(315, 4, 64),
(316, 4, 318),
(317, 7, 319),
(318, 16, 320),
(319, 16, 322),
(320, 17, 323),
(321, 17, 324),
(322, 17, 326),
(323, 17, 325),
(324, 17, 328),
(325, 17, 329),
(326, 17, 330),
(327, 17, 331),
(328, 17, 332),
(329, 17, 327),
(330, 16, 321),
(331, 16, 333),
(332, 16, 334),
(333, 15, 335),
(334, 15, 337),
(335, 15, 338),
(336, 15, 339),
(337, 15, 340),
(338, 15, 336),
(339, 15, 341),
(340, 15, 343),
(341, 15, 342),
(342, 15, 345),
(343, 15, 344),
(344, 6, 346),
(345, 6, 347),
(346, 14, 348),
(347, 18, 231),
(348, 18, 349),
(349, 18, 350),
(350, 18, 226),
(351, 18, 230),
(352, 18, 228),
(353, 18, 229),
(354, 18, 227),
(355, 18, 351),
(356, 18, 352),
(357, 18, 66),
(358, 18, 4),
(359, 6, 354),
(360, 6, 353),
(361, 6, 350),
(362, 6, 351),
(363, 6, 355),
(364, 9, 356),
(365, 9, 357),
(366, 9, 358),
(367, 9, 359),
(368, 9, 360),
(369, 9, 361),
(370, 9, 362),
(371, 9, 363),
(372, 9, 364),
(373, 3, 365),
(374, 3, 366),
(375, 9, 367),
(376, 19, 369),
(377, 19, 368),
(378, 19, 370),
(379, 19, 371),
(380, 19, 372),
(381, 6, 373),
(382, 14, 375),
(383, 14, 374),
(384, 14, 376),
(385, 9, 379),
(386, 9, 378),
(387, 9, 378),
(388, 20, 384),
(389, 20, 383),
(390, 20, 240),
(391, 20, 240),
(392, 20, 241),
(393, 18, 234),
(394, 18, 233),
(395, 18, 232),
(396, 9, 385),
(397, 9, 68),
(398, 5, 386),
(399, 21, 388),
(400, 21, 389),
(403, 23, 392),
(404, 23, 395),
(405, 23, 396),
(406, 23, 393),
(407, 23, 394),
(408, 23, 397),
(409, 23, 398),
(410, 23, 399),
(411, 23, 400),
(416, 22, 408),
(417, 22, 406),
(418, 22, 407),
(419, 22, 405),
(420, 22, 409),
(421, 22, 411),
(422, 22, 410),
(423, 22, 412),
(424, 22, 413),
(425, 22, 414),
(428, 24, 418),
(429, 24, 417),
(430, 24, 344),
(432, 25, 402),
(433, 25, 415),
(434, 25, 416),
(435, 25, 403),
(436, 25, 404),
(437, 25, 401),
(438, 24, 422),
(439, 24, 421),
(440, 24, 423),
(441, 24, 425),
(442, 24, 424),
(443, 24, 4),
(444, 24, 428),
(445, 24, 427),
(446, 24, 426),
(447, 24, 429),
(448, 24, 430),
(449, 9, 431),
(450, 9, 432),
(451, 9, 433),
(452, 24, 434),
(453, 24, 435),
(454, 6, 19),
(455, 3, 437),
(456, 3, 438),
(457, 3, 439),
(458, 3, 206),
(459, 6, 436),
(460, 24, 441),
(461, 24, 349),
(462, 24, 442),
(464, 11, 444),
(465, 24, 341),
(466, 11, 445),
(467, 7, 446),
(468, 24, 447),
(469, 24, 378),
(470, 6, 448);

-- --------------------------------------------------------

--
-- Table structure for table `videos`
--

CREATE TABLE `videos` (
  `video_id` int(11) NOT NULL,
  `title` varchar(200) NOT NULL,
  `url` varchar(255) NOT NULL
) ENGINE=InnoDB DEFAULT CHARSET=latin1;

--
-- Dumping data for table `videos`
--

INSERT INTO `videos` (`video_id`, `title`, `url`) VALUES
(2, 'Fleetwood Mac - Everywhere (Official Music Video)', 'https://www.youtube.com/watch?v=YF1R0hc5Q2I'),
(3, 'Crowded House - Don\'t Dream It\'s Over (Official Music Video)', 'https://www.youtube.com/watch?v=J9gKyRmic20'),
(4, 'Jamiroquai - Virtual Insanity (Official Video)', 'https://www.youtube.com/watch?v=4JkIs37a2JE'),
(5, 'Sophie Ellis-Bextor - Murder On The Dancefloor', 'https://www.youtube.com/watch?v=hAx6mYeC6pY'),
(6, 'Spiller Groovejet If This Ain\'t Love] (Spiller\'s Extended Vocal MiX) INK EDIT', 'https://www.youtube.com/watch?v=52j4UWg4h8g'),
(7, 'Robert Miles - One & One (Official Video) ft. Maria Nayler', 'https://www.youtube.com/watch?v=GtyiRvB5vCo'),
(8, 'Fergie - Glamorous (Official Music Video) ft. Ludacris', 'https://www.youtube.com/watch?v=q0SyUgw98tE'),
(9, 'Alanis Morissette - Head Over Feet (Official 4K Music Video)', 'https://www.youtube.com/watch?v=4iuO49jbovg'),
(10, 'Alanis Morissette - Ironic (Official 4K Music Video)', 'https://www.youtube.com/watch?v=Jne9t8sHpUc'),
(11, 'Alanis Morissette - Hands Clean (Official Video)', 'https://www.youtube.com/watch?v=2dH289KxkGw&list=RDGMEMJQXQAmqrnmK1SEjY_rKBGA&index=4'),
(12, 'Eagle-Eye Cherry - Save Tonight', 'https://www.youtube.com/watch?v=Nntd2fgMUYw&list=RDGMEMJQXQAmqrnmK1SEjY_rKBGA&start_radio=1&rv=NOG3eus4ZSo'),
(13, 'The Smashing Pumpkins - Tonight, Tonight (Official Music Video)', 'https://www.youtube.com/watch?v=NOG3eus4ZSo'),
(14, 'Nirvana - Smells Like Teen Spirit (Official Music Video)', 'https://www.youtube.com/watch?v=hTWKbfoikeg'),
(15, 'Dave Grohl - Smells Like Teen Spirit (@ the Ford)', 'https://www.youtube.com/watch?v=oKU1HXMZYm4'),
(16, 'Duran Duran - Come Undone (Official Music Video)', 'https://www.youtube.com/watch?v=Epj84QVw2rc'),
(17, 'Savage Garden - To The Moon & Back (Extended Version)', 'https://www.youtube.com/watch?v=HCm6gRHINqA'),
(18, 'Savage Garden - Truly Madly Deeply', 'https://www.youtube.com/watch?v=WQnAxOQxQIU'),
(19, 'P.M. Dawn - Set Adrift On Memory Bliss [16:9 Full HD Video]', 'https://www.youtube.com/watch?v=M5VoTLTdr2A'),
(20, 'SNAP! - The Power (Official Video)', 'https://www.youtube.com/watch?v=nm6DO_7px1I'),
(21, 'SNAP! - Rhythm Is A Dancer (Official Video)', 'https://www.youtube.com/watch?v=JYIaWeVL1JM'),
(22, 'The Cars - Drive (Official Music Video)', 'https://www.youtube.com/watch?v=xuZA6qiJVfU'),
(23, 'Pet Shop Boys - West End Girls (Official Video) [HD REMASTERED]', 'https://www.youtube.com/watch?v=p3j2NYZ8FKs'),
(24, 'Simple Minds - Don\'t You (Forget About Me)', 'https://www.youtube.com/watch?v=CdqoNKCCt7A'),
(25, 'Modern Talking - Brother Louie', 'https://www.youtube.com/watch?v=NdWIihZ8rk4'),
(26, 'Modern Talking - You\'re My Heart, You\'re My Soul', 'https://www.youtube.com/watch?v=G2qsC9BMSw0'),
(27, 'Modern Talking - Cheri Cheri Lady', 'https://www.youtube.com/watch?v=nPnZ-T8j2sc'),
(28, 'Pet Shop Boys - Go West (Official Video) [HD REMASTERED]', 'https://www.youtube.com/watch?v=LNBjMRvOB5M'),
(29, 'Paul Young - Everytime You Go Away (Official Video)', 'https://www.youtube.com/watch?v=nfk6sCzRTbM'),
(30, 'Pet Shop Boys - Suburbia', 'https://www.youtube.com/watch?v=-VCqAjYO3NM'),
(31, 'Pet Shop Boys - New York City Boy', 'https://www.youtube.com/watch?v=cpk8ym8iqWU'),
(32, 'J Boog - Let\'s Do It Again (Official Video)', 'https://www.youtube.com/watch?v=q6fgVVlPl08'),
(33, 'Jenevieve - Baby Powder (Official Video)', 'https://www.youtube.com/watch?v=O1Qh7j1yD8Y&list=RDMM&start_radio=1&rv=PE0Wu1ivS7Q'),
(34, 'Billy Ocean - Caribbean Queen (No More Love on the Run) (Official HD Video)', 'https://www.youtube.com/watch?v=uxX2gA18grk'),
(35, 'Billy Ocean - Loverboy (Official HD Video)', 'https://www.youtube.com/watch?v=tyrowWnlNnQ'),
(36, 'Corey Hart - Sunglasses At Night (Official Music Video)', 'https://www.youtube.com/watch?v=X2LTL8KgKv8&list=RDCLAK5uy_lf8okgl2ygD075nhnJVjlfhwp8NsUgEbs&index=43'),
(37, 'Men At Work - Who Can It Be Now? (Video Version)', 'https://www.youtube.com/watch?v=SECVGN4Bsgg'),
(38, 'Cutting Crew - (I Just) Died In Your Arms (Official Music Video)', 'https://www.youtube.com/watch?v=6dOwHzCHfgA'),
(39, 'Dr. Dre - Still D.R.E. (Official Music Video) ft. Snoop Dogg', 'https://www.youtube.com/watch?v=_CL6n0FJZpk'),
(40, 'Tyga, Doja Cat - Freaky Deaky (Official Video)', 'https://www.youtube.com/watch?v=5ZHXYnGVlcg'),
(41, 'Travis - Sing (Official Music Video)', 'https://www.youtube.com/watch?v=eYO1-gGWJyo'),
(42, 'YES - Owner of a Lonely Heart (Official Music Video)', 'https://www.youtube.com/watch?v=SVOuYquXuuc'),
(43, 'OMC - How Bizarre (Official Music Video)', 'https://www.youtube.com/watch?v=C2cMG33mWVY'),
(44, 'Blondie - Heart Of Glass (Official Music Video)', 'https://www.youtube.com/watch?v=WGU_4-5RaxU'),
(45, 'Chris Isaak - Wicked Game (Live)', 'https://www.youtube.com/watch?v=ozv8ugNm0P0'),
(46, 'Spandau Ballet - True (HD Remastered)', 'https://www.youtube.com/watch?v=AR8D2yqgQ1U'),
(47, 'Double - The Captain Of Her Heart (Official Video)', 'https://www.youtube.com/watch?v=YX-Ru1XkNZc'),
(48, 'Roxy Music - More Than This', 'https://www.youtube.com/watch?v=kOnde5c7OG8'),
(49, 'Suzanne Vega - Luka (Official Video)', 'https://www.youtube.com/watch?v=VZt7J0iaUD0'),
(50, 'Martika - Toy Soldiers', 'https://www.youtube.com/watch?v=LvdLovAaYzM'),
(51, 'Foreigner Waiting For A Girl Like You 1981 HD 16:9', 'https://www.youtube.com/watch?v=2dWmKSj5HjI'),
(52, 'Foreigner - Urgent (Official Music Video)', 'https://www.youtube.com/watch?v=Lcb-Fsx_phM'),
(53, 'Tears For Fears - Sowing The Seeds Of Love (Official Music Video)', 'https://www.youtube.com/watch?v=VAtGOESO7W8'),
(54, 'Thompson Twins - Hold Me Now', 'https://www.youtube.com/watch?v=H9694K85Xc8'),
(55, 'The Beatles - Paperback Writer', 'https://www.youtube.com/watch?v=yYvkICbTZIQ'),
(56, 'Too Shy Kajagoogoo - (Official Music Video)', 'https://www.youtube.com/watch?v=rkpG4XApJ28'),
(57, 'Tears For Fears - Everybody Wants To Rule The World (Official Music Video)', 'https://www.youtube.com/watch?v=aGCdLKXNF3w'),
(58, 'Tears for fears - Head over heels', 'https://www.youtube.com/watch?v=CsHiG-43Fzg'),
(59, 'Daryl Hall & John Oates - Maneater', 'https://www.youtube.com/watch?v=yRYFKcMa_Ek'),
(60, 'Culture Club - Karma Chameleon (Official Music Video)', 'https://www.youtube.com/watch?v=JmcA9LIIXWw'),
(61, 'Culture Club - Do You Really Want To Hurt Me (Official Video)', 'https://www.youtube.com/watch?v=2nXGPZaTKik'),
(62, 'Culture Club - Time (Clock Of The Heart)', 'https://www.youtube.com/watch?v=8tI1_KlO6xI'),
(63, 'Mark Morrison - Return of the Mack (Official Music Video)', 'https://www.youtube.com/watch?v=uB1D9wWxd2w'),
(64, 'George Michael - Careless Whisper (Official Video)', 'https://www.youtube.com/watch?v=izGwDsrQ1eQ'),
(65, 'Madonna - La Isla Bonita (Official Video)', 'https://www.youtube.com/watch?v=zpzdgmqIHOQ'),
(66, 'Jamiroquai - Little L', 'https://www.youtube.com/watch?v=1hHSH9sJUEo'),
(67, 'Soul II Soul - Back To Life (However Do You Want Me) (Official Music Video)', 'https://www.youtube.com/watch?v=TB54dZkzZOY'),
(68, 'SWV - Right Here (Human Nature Radio Mix - Official Video)', 'https://www.youtube.com/watch?v=vHwXoY0LiQk'),
(69, 'Nu Shooz - I Can\'t Wait (Official Music Video)', 'https://www.youtube.com/watch?v=UJ1tBVtYOBc'),
(70, 'David Bowie - China Girl (Official Video)', 'https://www.youtube.com/watch?v=_YC3sTbAPcU'),
(71, 'Laura Branigan - Self Control - All Night Fuji (1984)', 'https://www.youtube.com/watch?v=gm5F1-kfaJ8'),
(72, 'Glenn Medeiros - Nothing\'s Gonna Change My Love For You (Official Music Video)', 'https://www.youtube.com/watch?v=mUg5aEy-8CQ'),
(73, 'Richard Marx - Right Here Waiting (Official Music Video)', 'https://www.youtube.com/watch?v=S_E2EHVxNAE'),
(74, 'Elton John - Sacrifice', 'https://www.youtube.com/watch?v=NrLkTZrPZA4'),
(75, 'Elton John - Nikita', 'https://www.youtube.com/watch?v=Tg-Q-Acv4qs'),
(76, 'Aha - Take On Me (Official Video) [Remastered in 4K]', 'https://www.youtube.com/watch?v=djV11Xbc914'),
(77, 'Mr. Mister - Broken Wings', 'https://www.youtube.com/watch?v=nKhN1t_7PEY'),
(78, 'Duran Duran - Ordinary World (Official Music Video)', 'https://www.youtube.com/watch?v=FqIACCH20JU'),
(79, 'REO Speedwagon - Can\'t Fight This Feeling (Official HD Video)', 'https://www.youtube.com/watch?v=zpOULjyy-n8'),
(80, 'Air Supply - All Out Of Love (Official Video)', 'https://www.youtube.com/watch?v=JWdZEumNRmI'),
(81, 'Chicago - You\'re the Inspiration (Official Music Video)', 'https://www.youtube.com/watch?v=CRfy1yorkec'),
(82, 'Rockwell - Somebody\'s Watching Me (Official Music Video)', 'https://www.youtube.com/watch?v=7YvAYIJSSZY'),
(83, 'Steve Miller Band - Abracadabra', 'https://www.youtube.com/watch?v=tY8B0uQpwZs'),
(84, 'R.E.M. - Shiny Happy People (Official Music Video)', 'https://www.youtube.com/watch?v=YYOKMUTTDdA'),
(85, 'R.E.M. - Losing My Religion (Official Music Video)', 'https://www.youtube.com/watch?v=xwtdhWltSIg'),
(86, 'Everything But The Girl - Missing - (Todd Terry Remix)', 'https://www.youtube.com/watch?v=IAkY5m00rpY'),
(87, 'Youssou N\'Dour - 7 Seconds ft. Neneh Cherry', 'https://www.youtube.com/watch?v=wqCpjFMvz-k'),
(88, 'Robbie Williams - Feel (Official Video)', 'https://www.youtube.com/watch?v=iy4mXZN1Zzk'),
(89, 'Sade - Smooth Operator - Official - 1984', 'https://www.youtube.com/watch?v=4TYv2PhG89A'),
(90, 'No Doubt - Don\'t Speak (Official 4K Music Video)', 'https://www.youtube.com/watch?v=TR3Vdo5etCQ'),
(91, 'Sting - Englishman In New York', 'https://www.youtube.com/watch?v=d27gTrPPAyk'),
(92, 'Sting - Fields Of Gold (Official Music Video)', 'https://www.youtube.com/watch?v=KLVq0IAzh1A'),
(93, 'Bruce Springsteen - Streets of Philadelphia (Official Video)', 'https://www.youtube.com/watch?v=4z2DtNW79sQ'),
(94, 'Alanis Morissette - Thank U (Official Video)', 'https://www.youtube.com/watch?v=OOgpT5rEKIU'),
(95, 'Thank U....Alanis Morissette ( Live, HQ )', 'https://www.youtube.com/watch?v=5L7GMKClsTg'),
(96, 'Tracy Chapman - Fast Car - 12/4/1988 - Oakland Coliseum Arena (Official)', 'https://www.youtube.com/watch?v=IxXO2ybSvfg'),
(97, 'Craig David - 7 Days (Official Video)', 'https://www.youtube.com/watch?v=P5lmb5-tnM0'),
(98, 'Fugees - Ready or Not (Official Video)', 'https://www.youtube.com/watch?v=aIXyKmElvv8'),
(99, 'Outkast - Ms. Jackson (Official HD Video)', 'https://www.youtube.com/watch?v=MYxAiK6VnXw'),
(100, '2Pac - Changes (Official Music Video) ft. Talent', 'https://www.youtube.com/watch?v=eXvBjCO19QY'),
(101, '2Pac - Dear Mama (Official Music Video)', 'https://www.youtube.com/watch?v=Mb1ZvUDvLDY'),
(102, 'Warren G - Regulate (Official Music Video) ft. Nate Dogg', 'https://www.youtube.com/watch?v=1plPyJdXKIY'),
(103, 'Baby Bash ft. Frankie J - Suga Suga (Official Video)', 'https://www.youtube.com/watch?v=6rgStv12dwA'),
(104, 'Craig David - Fill Me In (Official Video)', 'https://www.youtube.com/watch?v=3imO7PFU5cI'),
(105, 'Nelly Furtado - Say It Right (Official Music Video)', 'https://www.youtube.com/watch?v=6JnGBs88sL0'),
(106, 'Nelly Furtado - Try (Official Music Video)', 'https://www.youtube.com/watch?v=3--1Kw2UHDQ'),
(107, 'Avril Lavigne - I\'m With You (Video)', 'https://www.youtube.com/watch?v=dGR65RWwzg8'),
(108, 'Sade - The Sweetest Taboo - Official - 1985', 'https://www.youtube.com/watch?v=kcPc18SG6uA'),
(109, 'Sade - Kiss Of Life - Official - 1993', 'https://www.youtube.com/watch?v=MmOau-PMWJk'),
(110, 'Sade - No Ordinary Love (Live 2011)', 'https://www.youtube.com/watch?v=au8rHGvytn8'),
(111, 'Sade - Hang On To Your Love - Official - 1984', 'https://www.youtube.com/watch?v=kxNJV83EMJw'),
(112, 'Snoop Dogg - Drop It Like It\'s Hot (Official Music Video) ft. Pharrell Williams', 'https://www.youtube.com/watch?v=GtUVQei3nX4'),
(113, 'D-12 - Purple Hills (Official Music Video)', 'https://www.youtube.com/watch?v=Uuq6HgKgEFQ'),
(114, 'Missy Elliott - Work It [Official Music Video]', 'https://www.youtube.com/watch?v=cjIvu7e6Wq8'),
(115, 'Missy Elliott - Gossip Folks [Official Music Video]', 'https://www.youtube.com/watch?v=kYKI8tAELXY'),
(116, 'Busta Rhymes - Pass The Courvoisier Part II (Long Version) ft. P. Diddy, Pharrell', 'https://www.youtube.com/watch?v=o4ZUaxyPoZ8'),
(117, 'Twista - Slow Jamz (Feat. Kanye West & Jamie Foxx)', 'https://www.youtube.com/watch?v=jI-w4gvkCkQ'),
(118, 'Twista - Overnight Celebrity (Official Video)', 'https://www.youtube.com/watch?v=I177W0XJlT4'),
(119, 'Fabolous ft. Tamia - So Into You (Official Video)', 'https://www.youtube.com/watch?v=WY85QiFbfdY'),
(120, 'LL Cool J - Hey Lover (Official Music Video) ft. Boyz II Men', 'https://www.youtube.com/watch?v=Um99r6sgspY'),
(121, 'LL Cool J - Hush (Official Music Video) ft. 7 Aurelius', 'https://www.youtube.com/watch?v=pfhTpZXMVBg'),
(122, 'The Weeknd - I Feel It Coming ft. Daft Punk (Official Video)', 'https://www.youtube.com/watch?v=qFLhGq0060w'),
(123, 'JAY-Z - Big Pimpin\' ft. UGK', 'https://www.youtube.com/watch?v=Cgoqrgc_0cM'),
(124, 'JAY-Z - Izzo (H.O.V.A.)', 'https://www.youtube.com/watch?v=GRKmpn3SBdw'),
(125, 'Nelly - Dilemma (Official Music Video)', 'https://www.youtube.com/watch?v=8WYHDfJDPDc'),
(126, 'Craig David - Rendezvous (Official Video)', 'https://www.youtube.com/watch?v=6ejGHCoase8'),
(127, 'Chingy Featuring Ludacris And Snoop Dogg - Holidae In', 'https://www.youtube.com/watch?v=GmKjTC8yDFM'),
(128, 'Chingy - One Call Away', 'https://www.youtube.com/watch?v=zhPiBZLun5k'),
(129, 'Ashanti - Happy (Official Music Video) ft. Ja Rule', 'https://www.youtube.com/watch?v=MrCsubL_OSQ'),
(130, 'Ashanti - Foolish (Official Music Video)', 'https://www.youtube.com/watch?v=gUPrnu3BEU8'),
(131, 'Ja Rule - Mesmerize ft. Ashanti (Official Music Video)', 'https://www.youtube.com/watch?v=VcP96KbFIIU'),
(132, 'Ja Rule - Always On Time (Dirty Version)', 'https://www.youtube.com/watch?v=e_VNvKGC9no'),
(133, 'Ashanti - Baby', 'https://www.youtube.com/watch?v=QThbui6twrI'),
(134, 'Nelly - Ride Wit Me (Official Music Video) ft. St. Lunatics', 'https://www.youtube.com/watch?v=RtSDWq6HsJE'),
(135, 'Nelly - Country Grammar (Hot...) (Official Music Video)', 'https://www.youtube.com/watch?v=Y5qKNlcUwKs'),
(136, 'Nelly - Air Force Ones ft. Kyjuan, Ali, Murphy Lee (Official Video)', 'https://www.youtube.com/watch?v=BfzsMQGqrt0'),
(137, 'Kanye West - Through The Wire', 'https://www.youtube.com/watch?v=uvb-1wjAtk4'),
(139, 'Amerie - 1 Thing (Official Video)', 'https://www.youtube.com/watch?v=bbqVg_23otg'),
(140, 'Third Eye Blind - Jumper (Official Music Video)', 'https://www.youtube.com/watch?v=gRYZijLZR-Q'),
(141, 'Haddaway - What Is Love [Official]', 'https://www.youtube.com/watch?v=HEXWRTEbj1I'),
(142, 'Crash Test Dummies - In The Days Of The Caveman (Official Audio)', 'https://www.youtube.com/watch?v=1hGwa1WGJbQ'),
(143, 'Donna Lewis - I Love You Always Forever (Official Music Video)', 'https://www.youtube.com/watch?v=SqdWTeXWvOg'),
(144, 'Donna Lewis - I Could Be The One (Official Video)', 'https://www.youtube.com/watch?v=Yf_fBxw0RB4'),
(145, 'Donna Lewis - Without Love (Official Music Video)', 'https://www.youtube.com/watch?v=h_jEK7ipX4U'),
(146, 'The Cardigans - My Favourite Game', 'https://www.youtube.com/watch?v=u9WgtlgGAgs'),
(147, 'The Cardigans - Erase / Rewind', 'https://www.youtube.com/watch?v=6WOYnv59Bi8'),
(148, 'The Cardigans - For What It\'s Worth', 'https://www.youtube.com/watch?v=01_RTOD9hYc'),
(149, 'Kylie Minogue - Can\'t Get You Out Of My Head (Official Video)', 'https://www.youtube.com/watch?v=c18441Eh_WE'),
(150, 'Kylie Minogue - Love At First Sight (Official Video)', 'https://www.youtube.com/watch?v=wf421JsG004'),
(151, 'Alanis Morissette - Everything (Official Video)', 'https://www.youtube.com/watch?v=Bgeqw7s00xg'),
(152, 'New Radicals - You Get What You Give (Official Music Video)', 'https://www.youtube.com/watch?v=DL7-CKirWZE'),
(153, 'Filter - Take A Picture (Official Music Video)', 'https://www.youtube.com/watch?v=h8MAHQhKe7Q'),
(154, 'The Killers - When You Were Young (Official Music Video)', 'https://www.youtube.com/watch?v=ff0oWESdmH0'),
(155, 'Chicago If You Leave Me Now HQ !!!', 'https://www.youtube.com/watch?v=cYTmfieE8jI'),
(156, 'Michael Jackson - Rock With You (Official Video)', 'https://www.youtube.com/watch?v=5X-Mrc2l1d0'),
(157, 'The Whispers - \"And The Beat Goes On\" (Official Video)', 'https://www.youtube.com/watch?v=pEmX5HR9ZxU'),
(158, 'Neneh Cherry - Buffalo Stance (Official Music Video)', 'https://www.youtube.com/watch?v=JWsRz3TJDEY'),
(159, 'Womack & Womack - Teardrops (Official Video)', 'https://www.youtube.com/watch?v=R8AOAap6_k4'),
(160, 'Tiffany - I Think We\'re Alone Now (Official Music Video)', 'https://www.youtube.com/watch?v=w6Q3mHyzn78'),
(161, 'Starship - Nothing\'s Gonna Stop Us Now (Official Music Video)', 'https://www.youtube.com/watch?v=3wxyN3z9PL4'),
(162, 'Abba - Dancing Queen (Official Music Video Remastered)', 'https://www.youtube.com/watch?v=xFrGuyw1V8s'),
(163, 'Olivia Newton John. John Travolta - GREASE', 'https://www.youtube.com/watch?v=bkWevngKTcw'),
(164, 'Whitney Houston - I Wanna Dance With Somebody (Official Video)', 'https://www.youtube.com/watch?v=eH3giaIzONA'),
(165, 'Alien Ant Farm - Smooth Criminal (Official Music Video)', 'https://www.youtube.com/watch?v=CDl9ZMfj6aE'),
(166, 'Nirvana - The Man Who Sold The World (Live On MTV Unplugged, 1993 / Unedited)', 'https://www.youtube.com/watch?v=OgeR2oqZGTs'),
(167, 'Pearl Jam - I Am Mine (Official Video)', 'https://www.youtube.com/watch?v=Nkgv3LoQY2o'),
(168, 'Jeremy (Live) - MTV Unplugged - Pearl Jam', 'https://www.youtube.com/watch?v=3g1Tu2Ulrk0'),
(169, 'Stone Temple Pilots - Sour Girl (Official Music Video)', 'https://www.youtube.com/watch?v=YxS4lqppZ6Y'),
(170, 'Groove Armada - Get Down ft. Stush, Red Rat', 'https://www.youtube.com/watch?v=YSg9Y-16fl4'),
(171, 'Two- I Am A Pig', 'https://www.youtube.com/watch?v=QuBo40xSbdE'),
(172, 'Red Hot Chili Peppers - Scar Tissue [Official Music Video]', 'https://www.youtube.com/watch?v=mzJj5-lubeM'),
(173, 'Red Hot Chili Peppers - Californication [Official Music Video]', 'https://www.youtube.com/watch?v=YlUKcNNmywk'),
(174, 'Linkin Park- In The End [Official HD Music Video]', 'https://www.youtube.com/watch?v=eVTXPUF4Oz4'),
(175, 'Linkin Park - Crawling [Official HD Music Video]', 'https://www.youtube.com/watch?v=Gd9OhYroLN0'),
(176, 'The Smashing Pumpkins - 1979 (Official Music Video)', 'https://www.youtube.com/watch?v=4aeETEoNfOg'),
(177, 'The Smashing Pumpkins - Perfect (Official Music Video)', 'https://www.youtube.com/watch?v=VKYY8DxVZHE'),
(178, 'Radiohead - Fake Plastic Trees', 'https://www.youtube.com/watch?v=n5h0qHwNrHk'),
(179, 'Radiohead - High and Dry', 'https://www.youtube.com/watch?v=7qFfFVSerQo'),
(180, 'The Cure - Pictures Of You', 'https://www.youtube.com/watch?v=UmFFTkjs-O0'),
(181, 'The Cure - Just Like Heaven', 'https://www.youtube.com/watch?v=n3nPiBai66M'),
(182, 'The Cure - Lovesong (Official Video)', 'https://www.youtube.com/watch?v=ks_qOI0lzho'),
(183, 'The Cure - Lullaby (Official Video)', 'https://www.youtube.com/watch?v=ijxk-fgcg7c'),
(184, 'The Cure - A Letter To Elise', 'https://www.youtube.com/watch?v=-AUCSkHCrwY'),
(185, 'The Cure - Close To Me (Official Video)', 'https://www.youtube.com/watch?v=BjvfIJstWeg'),
(186, 'Alien Ant Farm - Movies (Official Video)', 'https://www.youtube.com/watch?v=LJ2t4jfVTiU'),
(187, 'The Cardigans - Lovefool', 'https://www.youtube.com/watch?v=x8dXPfM16vw'),
(188, 'Blondie - Call Me (Official Video)', 'https://www.youtube.com/watch?v=StKVS0eI85I'),
(189, 'Blondie - Atomic (Official Video)', 'https://www.youtube.com/watch?v=O_WLw_0DFQQ'),
(190, 'P.O.D. - Youth of the Nation (Official Music Video) [HD]', 'https://www.youtube.com/watch?v=EDKwCvD56kw'),
(191, 'P.O.D. - Goodbye for Now (Official Music Video)', 'https://www.youtube.com/watch?v=plGETDmXw5g'),
(192, 'Macy Gray - Sweet Baby ft. Erykah Badu', 'https://www.youtube.com/watch?v=UeiSE9Jn9wE'),
(193, 'Arlo Parks - Too Good (Live) | Vevo Studio Performance', 'https://www.youtube.com/watch?v=JxSMvijuZiY'),
(194, 'Dennis Edwards ft. Siedah Garrett - Don\'t Look Any Further (Official Video)', 'https://www.youtube.com/watch?v=CH3rx8LhrQo'),
(195, 'Childish Gambino - Redbone (Official Audio)', 'https://www.youtube.com/watch?v=Kp7eSUU9oy8'),
(196, 'Childish Gambino - Feels Like Summer', 'https://www.youtube.com/watch?v=F1B9Fk_SgI0'),
(197, 'Chaka Khan - Ain\'t Nobody (Feat Rufus \'89) (Remix) (Official Music Video)', 'https://www.youtube.com/watch?v=Z3DT625kSyo'),
(198, 'Chaka Khan - Through the Fire (Official Music Video)', 'https://www.youtube.com/watch?v=TjWmw-8-OEk'),
(199, 'Shirley Bassey - Diamonds Are Forever (1973 TV Special)', 'https://www.youtube.com/watch?v=3wEwlSMS1GE'),
(200, 'Gnarls Barkley - Crazy (Official Video)', 'https://www.youtube.com/watch?v=-N4jf6rtyuw'),
(201, '50 Cent - 21 Questions (Official Music Video) ft. Nate Dogg', 'https://www.youtube.com/watch?v=cDMhlvbOFaM'),
(202, '50 Cent - Many Men (Wish Death) (Dirty Version)', 'https://www.youtube.com/watch?v=5D3crqpClPY'),
(203, 'G-Unit - Poppin\' Them Thangs (Explicit Version)', 'https://www.youtube.com/watch?v=lc0zKB88XPM'),
(204, 'G-Unit - Stunt 101', 'https://www.youtube.com/watch?v=c6qk1AFH9Y4'),
(205, 'G-Unit - Wanna Get To Know You (Official Video) [HD]', 'https://www.youtube.com/watch?v=15RAKnIejl8'),
(206, 'Joe, Joe Thomas - Ride Wit U (MTV Version) ft. G-Unit', 'https://www.youtube.com/watch?v=-aKKwRXLRkE'),
(207, '50 Cent ft. Olivia - So Amazing', 'https://www.youtube.com/watch?v=bZIxcJMXmMk'),
(208, 'System Of A Down - Toxicity (Official HD Video)', 'https://www.youtube.com/watch?v=iywaBOMvYLI'),
(209, 'Slipknot - Wait And Bleed [OFFICIAL VIDEO]', 'https://www.youtube.com/watch?v=B1zCN0YhW1s'),
(210, 'Taproot - Again And Again (Music Video)', 'https://www.youtube.com/watch?v=dKxfb_0PG6I'),
(211, 'TOOL - Stinkfist', 'https://www.youtube.com/watch?v=6zpvlMp04D0'),
(212, 'TOOL - Sober', 'https://www.youtube.com/watch?v=nspxAG12Cpc'),
(213, 'TOOL - Vicarious', 'https://www.youtube.com/watch?v=h_TUP2vuaDs'),
(214, 'A Perfect Circle - Weak and Powerless (Official Music Video)', 'https://www.youtube.com/watch?v=s-GsLh6dazI'),
(215, 'A Perfect Circle - Disillusioned [Official Video]', 'https://www.youtube.com/watch?v=BIsH686xWl0'),
(216, 'Puscifer \"The Remedy\" (Official Video)', 'https://www.youtube.com/watch?v=HivxFBB87-Y'),
(217, 'TOOL - Aenema', 'https://www.youtube.com/watch?v=CehYA3omb5o'),
(218, 'A Perfect Circle - Counting Bodies Like Sheep To The Rhythm Of The War Drums', 'https://www.youtube.com/watch?v=giaZnIr-faM'),
(219, 'Nine Inch Nails - The Perfect Drug (Official Video)', 'https://www.youtube.com/watch?v=dn3j6-yQKWQ'),
(220, 'Yeah Yeah Yeahs - Maps (Official Music Video)', 'https://www.youtube.com/watch?v=oIIxlgcuQRU'),
(221, 'Boards of Canada - Chinook', 'https://www.youtube.com/watch?v=HrV21ZVxRIs'),
(222, 'Massive Attack - Teardrop (Official Video)', 'https://www.youtube.com/watch?v=u7K72X4eo_s'),
(223, 'Massive Attack - Unfinished Sympathy', 'https://www.youtube.com/watch?v=ZWmrfgj0MZI'),
(224, 'Massive Attack - Protection', 'https://www.youtube.com/watch?v=Epgo8ixX6Wo'),
(225, 'Massive Attack - Butterfly Caught', 'https://www.youtube.com/watch?v=g45PgMJMqLY'),
(226, 'Sneaker Pimps - 6 Underground - Official Video [HD]', 'https://www.youtube.com/watch?v=2eBZqmL8ehg'),
(227, 'Sneaker Pimps - Tesko Suicide (music video)', 'https://www.youtube.com/watch?v=9VcTIpt75BI'),
(228, 'Sneaker Pimps - Post Modern Sleaze (music video)', 'https://www.youtube.com/watch?v=swX-2GT9q44'),
(229, 'Sneaker Pimps - Small town witch', 'https://www.youtube.com/watch?v=eUBVVbcCDdM'),
(230, 'Sneaker Pimps - Low Place Like Home 1995', 'https://www.youtube.com/watch?v=hxS9tvGlWEE'),
(231, 'Blur - Song 2 (Official Music Video)', 'https://www.youtube.com/watch?v=SSbBvKaM6sk'),
(232, 'Oasis - Wonderwall (Official Video)', 'https://www.youtube.com/watch?v=6hzrDeceEKc'),
(233, 'Oasis - Where Did It All Go Wrong? (Official Video)', 'https://www.youtube.com/watch?v=pPHCLOaA5Ms'),
(234, 'Oasis - Little By Little (Official Video)', 'https://www.youtube.com/watch?v=tM1RS_5IAiE'),
(235, 'Counting Crows - Mr. Jones (Official Music Video)', 'https://www.youtube.com/watch?v=-oqAU5VxFWs'),
(236, 'Counting Crows - Mrs. Potters Lullaby', 'https://www.youtube.com/watch?v=Xdt58T366xw'),
(237, 'Paula Cole - I Don\'t Want to Wait (Official Music Video)', 'https://www.youtube.com/watch?v=L_dVEtLPdDE'),
(238, 'Natalie Imbruglia - Torn (Official Video) [HD Remastered]', 'https://www.youtube.com/watch?v=xSZBIs0gs0E'),
(239, 'Paula Cole - Where Have All the Cowboys Gone? (Official Music Video)', 'https://www.youtube.com/watch?v=bUmKUWzbDxg'),
(240, 'Vanessa Carlton - A Thousand Miles (Official Music Video)', 'https://www.youtube.com/watch?v=Cwkej79U3ek'),
(241, 'Michelle Branch - Everywhere [Official Music Video]', 'https://www.youtube.com/watch?v=HLCasyAh7ic'),
(242, 'Len - Steal My Sunshine', 'https://www.youtube.com/watch?v=E1fzJ_AYajA'),
(243, 'Audioslave - Like a Stone (Official Video)', 'https://www.youtube.com/watch?v=7QU1nvuxaMA'),
(244, 'Incubus - Drive', 'https://www.youtube.com/watch?v=fgT9zGkiLig'),
(245, 'No Doubt - Ex-Girlfriend (Official Music Video)', 'https://www.youtube.com/watch?v=8Yqru5UXWGY'),
(246, 'Jimmy Eat World - Sweetness (Official Music Video)', 'https://www.youtube.com/watch?v=ROatPGGMvXg'),
(247, 'Jimmy Eat World - The Middle (Official Music Video)', 'https://www.youtube.com/watch?v=oKsxPW6i3pM'),
(248, 'Our Lady Peace - Somewhere Out There', 'https://www.youtube.com/watch?v=8SzFaEqbLRM'),
(249, 'Leaving Town\" by Dexter Freebish', 'https://www.youtube.com/watch?v=GwgqflNYFu0'),
(250, 'Billionaire Touching Down', 'https://www.youtube.com/watch?v=cwwclYB6XeE'),
(251, 'Vertical Horizon-Everything You Want', 'https://www.youtube.com/watch?v=VwSaldFJofM'),
(252, 'Vertical Horizon- You\'re A God', 'https://www.youtube.com/watch?v=ynseZlJURJo'),
(253, 'Tonic - Mean To Me', 'https://www.youtube.com/watch?v=yVv5ie-2YCc'),
(254, 'Tonic - If You Could Only See', 'https://www.youtube.com/watch?v=Sfg6-4mBs6Y'),
(255, 'Tonic - You Wanted More', 'https://www.youtube.com/watch?v=z04VDnr5k4I'),
(256, 'Goo Goo Dolls - Iris [Official Music Video]', 'https://www.youtube.com/watch?v=NdYWuo9OFAw'),
(257, 'Goo Goo Dolls - Slide [Official Music Video]', 'https://www.youtube.com/watch?v=yP4qdefD2To'),
(258, 'Hole - Malibu (Official Music Video)', 'https://www.youtube.com/watch?v=v0CYB5V9e64'),
(259, 'Hole - Celebrity Skin', 'https://www.youtube.com/watch?v=SjnKU2V2e1Y'),
(260, 'Hole - Violet (Official Music Video)', 'https://www.youtube.com/watch?v=cH_rfGBwamc'),
(261, 'Deftones - Change (In The House Of Flies) [Official Music Video]', 'https://www.youtube.com/watch?v=WPpDyIJdasg'),
(262, 'Deftones - Be Quiet And Drive (Far Away) (Official Music Video)', 'https://www.youtube.com/watch?v=KvknOXGPzCQ'),
(263, 'Deftones - Minerva [Official Music Video]', 'https://www.youtube.com/watch?v=mLa0-sQg1YM'),
(265, 'Yeah Yeah Yeahs - Y Control', 'https://www.youtube.com/watch?v=IcjPFAV1foU'),
(266, 'Yeah Yeah Yeahs - Cheated Hearts', 'https://www.youtube.com/watch?v=_YweT8jvGXI'),
(267, 'Yeah Yeah Yeahs - Turn Into', 'https://www.youtube.com/watch?v=exqCFoPiwpk'),
(268, 'Yeah Yeah Yeahs - Gold Lion (E-version)', 'https://www.youtube.com/watch?v=w0XWeyOZxI8'),
(269, 'A-ha - Stay On These Roads (Official Video)', 'https://www.youtube.com/watch?v=nWey1DBAchM'),
(270, 'Shawn Mullins - Lullaby', 'https://www.youtube.com/watch?v=hG9C0VwruXE'),
(271, 'Shawn Mullins - Everywhere I Go', 'https://www.youtube.com/watch?v=AOUfyH-IIEc'),
(272, 'Blondie - Maria (Official Video)', 'https://www.youtube.com/watch?v=abw49k3rIN0'),
(273, 'Fuel - Shimmer (Official HD Video)', 'https://www.youtube.com/watch?v=rZwSqX6J5hs'),
(274, 'Fuel - Hemorrhage (In My Hands) (Official HD Video)', 'https://www.youtube.com/watch?v=ZbHfgXJKn1Y'),
(275, 'Zoo Story - Star', 'https://www.youtube.com/watch?v=2o2j6Vz8lEk'),
(276, 'Semisonic - Closing Time (Official Music Video)', 'https://www.youtube.com/watch?v=xGytDsqkQY8'),
(277, 'Live - Lightning Crashes (Official Music Video)', 'https://www.youtube.com/watch?v=xsJ4O-nSveg'),
(278, 'Duncan Sheik - Barely Breathing (with lyrics)', 'https://www.youtube.com/watch?v=0TLK-i2X9zw'),
(279, 'Duncan Sheik - On A High (Official Video)', 'https://www.youtube.com/watch?v=5vpLAw-rVlE'),
(280, 'Matchbox Twenty - Bent (Official Video)', 'https://www.youtube.com/watch?v=969RAKkYESU'),
(281, 'Matchbox Twenty - Real World (Official Video)', 'https://www.youtube.com/watch?v=fwJazZIWNgg'),
(282, 'Matchbox Twenty - If You\'re Gone (Official Video)', 'https://www.youtube.com/watch?v=clKAdQnwJ7A'),
(283, 'Matchbox Twenty - Unwell (Official Video)', 'https://www.youtube.com/watch?v=WziA88-n02k'),
(284, 'Barenaked Ladies - Pinch Me (Official Music Video)', 'https://www.youtube.com/watch?v=u3NE6UuaLiY'),
(285, 'Bloodhound Gang - Foxtrot Uniform Charlie Kilo (Official Video)', 'https://www.youtube.com/watch?v=JZpxaiNV_sM'),
(287, '3 Doors Down - Kryptonite (Official Video)', 'https://www.youtube.com/watch?v=xPU8OAjjS4k'),
(288, '3 Doors Down - Loser (Official Video)', 'https://www.youtube.com/watch?v=2Ui_Q4qBDJY'),
(289, '3 Doors Down - Be Like That (Official Video)', 'https://www.youtube.com/watch?v=HHpMtWtgUvc'),
(290, 'Semisonic - Singing In My Sleep', 'https://www.youtube.com/watch?v=zhS3YP04Fjk'),
(291, 'Semisonic - Secret Smile', 'https://www.youtube.com/watch?v=kryV3E4QKGk'),
(292, 'Gin Blossoms - Hey Jealousy (Official Video)', 'https://www.youtube.com/watch?v=ah5gAkna3jI'),
(293, 'Dave Matthews Band - Crash Into Me', 'https://www.youtube.com/watch?v=k7in-9E3ImQ'),
(294, 'Dave Matthews Band - The Space Between (AC3 Stereo)', 'https://www.youtube.com/watch?v=H67uEgRZs2Y'),
(295, 'Deep Blue Something - Breakfast At Tiffany\'s', 'https://www.youtube.com/watch?v=1ClCpfeIELw'),
(296, 'Depeche Mode - Enjoy The Silence (Official Video)', 'https://www.youtube.com/watch?v=aGSKrC7dGcY'),
(297, 'Bush - Swallowed (Official Video)', 'https://www.youtube.com/watch?v=8FIBPKRV3kk'),
(298, 'Bush - The Chemicals Between Us (Official Video)', 'https://www.youtube.com/watch?v=9AtnKPh-hE8'),
(299, 'Bush - Letting the Cables Sleep', 'https://www.youtube.com/watch?v=d8TrkCObypE'),
(300, 'BUSH - Letting the Cables Sleep (Rooftop Live)', 'https://www.youtube.com/watch?v=Jo-A8rlM-Fw'),
(301, 'Gin Blossoms - Til I Hear It From You (Official Video)', 'https://www.youtube.com/watch?v=o7sx32alzeE'),
(302, 'Dishwalla - Counting Blue Cars (Official Video)', 'https://www.youtube.com/watch?v=Clxtg2pFTQM'),
(303, 'Dishwalla - Angels Or Devils', 'https://www.youtube.com/watch?v=dLhgRRYoqOg'),
(304, 'Puddle Of Mudd - Blurry (Official Music Video)', 'https://www.youtube.com/watch?v=xJJsoquu70o'),
(305, 'Static-X - I\'m With Stupid (Official Music Video)', 'https://www.youtube.com/watch?v=nqiVvOXotyw'),
(306, 'Static-X - Push It (Official Music Video)', 'https://www.youtube.com/watch?v=Ps0MfBG5-Uo'),
(307, 'Static-X - The Only (Official Music Video)', 'https://www.youtube.com/watch?v=vMCbJB4yNXo'),
(308, 'Mudvayne - Not Falling (Official Video)', 'https://www.youtube.com/watch?v=uhqRMzoyV4g'),
(309, 'Mudvayne - Dig (Official HD Video)', 'https://www.youtube.com/watch?v=YIqbdnaPcT8'),
(310, 'Marilyn Manson - The Beautiful People (Official Video)', 'https://www.youtube.com/watch?v=Ypkv0HeUvTc'),
(311, 'Rammstein - Du Hast (Official Video)', 'https://www.youtube.com/watch?v=W3q8Od5qJio'),
(312, 'Rammstein - Sonne (Official Video)', 'https://www.youtube.com/watch?v=StZcUAPRRac'),
(313, 'Marilyn Manson - Sweet Dreams (Are Made Of This) (Alt. Version)', 'https://www.youtube.com/watch?v=QUvVdTlA23w'),
(314, 'Madonna - Vogue (Official Video)', 'https://www.youtube.com/watch?v=GuJQSAiODqI'),
(315, 'Don\'t Fear The Reaper (Single Version) Blue Oyster Cult - (1976) (HD)', 'https://www.youtube.com/watch?v=oF7mP2LASCo'),
(316, 'Wham! - Last Christmas (Official Video)', 'https://www.youtube.com/watch?v=E8gmARGvPlI'),
(317, 'Suzanne Vega, DNA - Tom\'s Diner (Official Music Video)', 'https://www.youtube.com/watch?v=j4jtIDaeaWI'),
(318, 'Kim Carnes - Bette Davis Eyes (Official Music Video)', 'https://www.youtube.com/watch?v=EPOIS5taqA8'),
(319, 'Annie Lennox - No More \"I Love You\'s\" (Official Video)', 'https://www.youtube.com/watch?v=NSkboTTTmpg'),
(320, 'Mariya Takeuchi - Plastic Love (Official Music Video)', 'https://www.youtube.com/watch?v=T_lC2O1oIew'),
(321, 'CINDY - Angel Touch (1990)', 'https://www.youtube.com/watch?v=2ak_dM2EHKE'),
(322, 'Tomoko Aran - Midnight Pretenders', 'https://www.youtube.com/watch?v=QicgfPt_k6M'),
(323, 'NeonBunny It\'s You', 'https://www.youtube.com/watch?v=Y-muW8zyaNc'),
(324, 'Neon Bunny - Romance in Seoul', 'https://www.youtube.com/watch?v=tfyc2YHj3zM'),
(325, 'Neon Bunny All I Want Is You', 'https://www.youtube.com/watch?v=5lsiIrqKznc'),
(326, 'Neon Bunny - Room 314', 'https://www.youtube.com/watch?v=01EKs4tY-X0'),
(327, 'Lulileela) - Dive / Official Music Video', 'https://www.youtube.com/watch?v=KeH32OVXGtE'),
(328, 'Luli Lee) - I Feel Your Love [Live Clip]', 'https://www.youtube.com/watch?v=NdOqUnTAJ5o'),
(329, 'Luli Lee) - Light Beside You (Live)', 'https://www.youtube.com/watch?v=_YK6hhuWZs0'),
(330, 'Luli Lee) - Oasis (Live)', 'https://www.youtube.com/watch?v=KYvXfdT3SG4'),
(331, 'Luli Lee) - Seaside (Live)', 'https://www.youtube.com/watch?v=iaWi99MGZDk'),
(332, 'Luli Lee) - Cactus Flower (Live)', 'https://www.youtube.com/watch?v=mTqnZhD2vZM'),
(333, 'Junko Ohashi - Telephone Number', 'https://www.youtube.com/watch?v=XJWqHmY-g9U'),
(334, 'Mariya Takeuchi Oh No, Oh Yes', 'https://www.youtube.com/watch?v=bUWFaWcvmY0'),
(335, 'Hoobastank - Running Away', 'https://www.youtube.com/watch?v=kxwsu8JfvVU'),
(336, 'The Calling - Wherever You Will Go (Official Video)', 'https://www.youtube.com/watch?v=iAP9AF6DCu4'),
(337, 'Hoobastank - The Reason (Official Music Video)', 'https://www.youtube.com/watch?v=fV4DiAyExN0'),
(338, 'Lifehouse - Hanging By A Moment (Official Video)', 'https://www.youtube.com/watch?v=tPnK39ax_AM'),
(339, 'Lifehouse - You And Me (Official Music Video)', 'https://www.youtube.com/watch?v=ac3HkriqdGQ'),
(340, 'The Calling - Adrienne', 'https://www.youtube.com/watch?v=pnUEiEW8lmc'),
(341, 'Spaceship by Angie Aparo', 'https://www.youtube.com/watch?v=brmXKYDtQ9U'),
(342, 'John Mayer - No Such Thing (Official HD Video)', 'https://www.youtube.com/watch?v=H1W2UddURXI'),
(343, 'John Mayer - Clarity (Official HD Video)', 'https://www.youtube.com/watch?v=ULrz-6CSmmM'),
(344, 'Coldplay - Trouble (Official video)', 'https://www.youtube.com/watch?v=kcASPx3-HuI'),
(345, 'Coldplay - Don\'t Panic (Official Video)', 'https://www.youtube.com/watch?v=yWeuUwpEQfs'),
(346, 'Basement Jaxx - Take Me Back to Your House ( Official Video 2006 )', 'https://www.youtube.com/watch?v=JYAkoZeV75I'),
(347, 'Mr Oizo - Flat beat (Official Video with Flat Eric - 1999', 'https://www.youtube.com/watch?v=qmsbP13xu6k'),
(348, 'Goldfrapp - Utopia (Official HD Video)', 'https://www.youtube.com/watch?v=QUB7e3BtnvU'),
(349, 'Kasabian - Club Foot (Official Video)', 'https://www.youtube.com/watch?v=lk5iMgG-WJI'),
(350, 'Underworld - Born Slippy', 'https://www.youtube.com/watch?v=Nf4uiRr78dU'),
(351, 'Underworld - Dark Train', 'https://www.youtube.com/watch?v=OUuV7nOWGM8'),
(352, 'The Chemical Brothers - Wide Open ft. Beck (Official Music Video)', 'https://www.youtube.com/watch?v=BC2dRkm8ATU'),
(353, 'Faithless - Insomnia (Official 4K Video)', 'https://www.youtube.com/watch?v=P8JEm4d6Wu4'),
(354, 'Faithless - God Is a DJ (Official Video)', 'https://www.youtube.com/watch?v=bhSB8EEnCAM'),
(355, 'Faithless - Music Matters', 'https://www.youtube.com/watch?v=yCiYTq1o4PU'),
(356, 'Shanice - I Love Your Smile (Official Video 1991)', 'https://www.youtube.com/watch?v=Z9GSMei0NAw'),
(357, 'Mario - Let Me Love You (Official Video)', 'https://www.youtube.com/watch?v=H64QG4UsrGI'),
(358, 'Alicia Keys - You Don\'t Know My Name (Official Video)', 'https://www.youtube.com/watch?v=_ST6ZRbhGiA'),
(359, 'Next - Too Close (Official Music Video)', 'https://www.youtube.com/watch?v=kwEZRPkAAu8'),
(360, 'Keith Sweat - Twisted (Official Music Video)', 'https://www.youtube.com/watch?v=cP4yAnbtDZE'),
(361, 'Color Me Badd - I Wanna Sex You Up', 'https://www.youtube.com/watch?v=Oxu3pq319r0'),
(362, 'Keith Sweat feat. Athena Cage - Nobody (Offcial Music Video)', 'https://www.youtube.com/watch?v=FMar1ifzdmk'),
(363, 'Ginuwine - In Those Jeans', 'https://www.youtube.com/watch?v=53JQz0ON--o'),
(364, 'Keyshia Cole - Trust ft. Monica (Official Video)', 'https://www.youtube.com/watch?v=SkOTimhMwSs'),
(365, 'Kris Kross - Jump (Official Video)', 'https://www.youtube.com/watch?v=010KyIQjkTk'),
(366, 'Wale - On Chill (feat. Jeremih) [Official Music Video]', 'https://www.youtube.com/watch?v=iX9ICUr1yEw'),
(367, 'Boyz II Men - End Of The Road', 'https://www.youtube.com/watch?v=zDKO6XYXioc'),
(368, 'Enigma - Return To Innocence (Official Video)', 'https://www.youtube.com/watch?v=Rk_sAHh9s08'),
(369, 'Enigma - Gravity Of Love (Official Video)', 'https://www.youtube.com/watch?v=aSTV99Uy8hk'),
(370, 'Enigma - Sadeness (Full Version)', 'https://www.youtube.com/watch?v=x4maoo4A3x4'),
(371, 'Moby - \'Porcelain\' (Official Video)', 'https://www.youtube.com/watch?v=IJWlBfo5Oj0'),
(372, 'Moby - Why Does My Heart Feel So Bad?', 'https://www.youtube.com/watch?v=R_7mzmfvBAI'),
(373, 'The Avalanches - Since I Left You', 'https://www.youtube.com/watch?v=wpqm-05R2Jk'),
(374, 'Lamb - Gorecki', 'https://www.youtube.com/watch?v=tSRYvYN1ayw'),
(375, 'Lamb - Gabriel (Official Video)', 'https://www.youtube.com/watch?v=4oLp8CocUAY'),
(376, 'Lamb - Wise Enough', 'https://www.youtube.com/watch?v=5t5QSiydF9Y'),
(377, 'Bjork - Venus As A Boy (Official 4K Music Video)', 'https://www.youtube.com/watch?v=eVncHbHIzpE'),
(378, 'Seal - Kiss From A Rose (Official Music Video)', 'https://www.youtube.com/watch?v=yivLt9cTaio'),
(379, 'Boyz II Men - I\'ll Make Love To You (Official Music Video)', 'https://www.youtube.com/watch?v=fV8vB1BB2qc'),
(380, 'The Cranberries - Dreams', 'https://www.youtube.com/watch?v=C2EifAO9ZHg'),
(381, 'The Cranberries - Zombie (Official Music Video)', 'https://www.youtube.com/watch?v=6Ejga4kJUts'),
(382, 'The Cranberries - Linger (Official Music Video)', 'https://www.youtube.com/watch?v=G6Kspj3OO0s'),
(383, 'Dido - Thank You (Official Video)', 'https://www.youtube.com/watch?v=1TO48Cnl66w'),
(384, 'Dido - Here with Me (Official Video)', 'https://www.youtube.com/watch?v=PSu5nAQ7uZw'),
(385, 'En Vogue - Don\'t Let Go (Love) (Official Music Video)', 'https://www.youtube.com/watch?v=mwhwGmoYv1s'),
(386, 'JENNIFER PAIGE \"CRUSH\"', 'https://www.youtube.com/watch?v=EIhSnaqou0I'),
(387, 'Shawn Colvin - Sunny Came Home', 'https://www.youtube.com/watch?v=qfKKBDFCiIA'),
(388, 'BOJO MUJO - BUYA KIM', 'https://www.youtube.com/watch?v=9EqjRkBPAcY'),
(389, 'Summer Rain Bujo Mujo', 'https://www.youtube.com/watch?v=jko1mvbLMwA'),
(390, 'Professor \"Lento\" ft Speedy', 'https://www.youtube.com/watch?v=og5InvyyhYY'),
(391, 'Mafikizolo -Sibongile (high quality audio)', 'https://www.youtube.com/watch?v=ieisYdv5AWg'),
(392, 'TKZee - Shibobo (With Crowd) Final Countdown', 'https://www.youtube.com/watch?v=BhdxwySgEPQ'),
(393, 'Kabelo - Pantsula 4 Life', 'https://www.youtube.com/watch?v=MSc-dv21x5Y'),
(394, 'Kabelo-Zonke', 'https://www.youtube.com/watch?v=ZesGoBq2MMw'),
(395, 'kabelo - Dubula', 'https://www.youtube.com/watch?v=ULRhU1NK0yU'),
(396, 'Kabelo - Luv me or leave me', 'https://www.youtube.com/watch?v=rRkbt0ilFdQ'),
(397, 'KABELO MASHELENG', 'https://www.youtube.com/watch?v=dpad3EgtMg0'),
(398, 'Brown Dash/Mzeks, Zola,Dj Cleo - Puff n Pass', 'https://www.youtube.com/watch?v=BJw3yqoVslc'),
(399, 'mzekezeke izinyoka', 'https://www.youtube.com/watch?v=zo9GQbmn0qQ'),
(400, 'Brown Dash - Phansi Komthunzi Welanga', 'https://www.youtube.com/watch?v=kdxq0vA9YSU'),
(401, 'Mbilia Bel : Manzili Manzili', 'https://www.youtube.com/watch?v=KHPLHitPfbM'),
(402, 'Mbilia Bel - Cher Ami', 'https://www.youtube.com/watch?v=GFlFHnVZeDo'),
(403, 'Mbilia Bel - Mayaval', 'https://www.youtube.com/watch?v=5j_04ekWj3M'),
(404, 'Mbilia Bel - Phenomene', 'https://www.youtube.com/watch?v=94c1HLonLUQ&list=PL2A9C454E0D5C86C3'),
(405, 'Salif keita. je t\'aime', 'https://www.youtube.com/watch?v=8FRwXCUpv-Y'),
(406, 'Salif Keita - Tekere', 'https://www.youtube.com/watch?v=ullFnDRj3I0'),
(407, 'SALIF KEITA Sina (Soumbouya)', 'https://www.youtube.com/watch?v=cWP6VJbSuaA'),
(408, 'Salif Keita - Souareba', 'https://www.youtube.com/watch?v=pySgSzH0VD8'),
(409, 'Salif Keita Djembe', 'https://www.youtube.com/watch?v=oNY2hItWRdM'),
(410, 'Ismael Lo - Tajabone', 'https://www.youtube.com/watch?v=Ycm_Y9EENec'),
(411, 'Ismael Lo - Dibi Dibi Rek (Original version-1994)', 'https://www.youtube.com/watch?v=aojMX_JSEBM'),
(412, 'Mory Kante Yeke Yeke', 'https://www.youtube.com/watch?v=bJNiMNUSrw8'),
(413, 'Amadou & Mariam - Sabali (Official Music Video)', 'https://www.youtube.com/watch?v=NRtQmqqfdoc'),
(414, 'Double Double - Les Quatre Etoiles du Zaire', 'https://www.youtube.com/watch?v=2l9ArM1gkZU'),
(415, 'Mbilia Bel - Eswi yo wapi (audio)', 'https://www.youtube.com/watch?v=0Gp1qW2p0P8'),
(416, 'Mbilia Bel - Faux Pas', 'https://www.youtube.com/watch?v=FhrUnAWRoqs'),
(417, 'Run DMC - It\'s like that', 'https://www.youtube.com/watch?v=KgW0tSoggBk'),
(418, 'Morcheeba - World Looking In (Official Video)', 'https://www.youtube.com/watch?v=g1VtrweZDek'),
(419, '2000s/2010s NOSTALGIC SOUTH AFRICAN TV THEME SONGS', 'https://www.youtube.com/watch?v=d7LIS4t7zPk'),
(420, 'Technotronic - Pump Up The Jam (Official Music Video)', 'https://www.youtube.com/watch?v=9EcjWd-O4jI'),
(421, 'Modjo - Lady (Hear Me Tonight) (Official Video)', 'https://www.youtube.com/watch?v=mMfxI3r_LyA'),
(422, 'Eiffel 65 - Blue (Da Ba Dee)', 'https://www.youtube.com/watch?v=zA52uNzx7Y4'),
(423, 'Wamdue Project - King of My Castle (Official HD Video)', 'https://www.youtube.com/watch?v=DXSyQjppqG0'),
(424, 'Blur - Coffee And TV (Official Music Video)', 'https://www.youtube.com/watch?v=6oqXVx3sBOk'),
(425, 'Fatboy Slim - Funk Soul Brother [HIGH QUALITY]', 'https://www.youtube.com/watch?v=JIt6uOKcBes'),
(426, 'Olive - I\'m Not In Love (Music Video)', 'https://www.youtube.com/watch?v=M4zJBlgdwdM'),
(427, 'ATB - Don\'t Stop (Official Video HD)', 'https://www.youtube.com/watch?v=DgvePeDIt3Y'),
(428, 'ATB - 9PM (Till I Come) - HQ', 'https://www.youtube.com/watch?v=5A9OIIapSko'),
(429, 'Miss Jane It\'s A Fine Day (ATB Radio Edit) (1998) [Official Video]', 'https://www.youtube.com/watch?v=zRTl2d1XcPE'),
(430, 'Jennifer Lopez - Waiting For Tonight', 'https://www.youtube.com/watch?v=_66jPJVS4JE'),
(431, 'Janet Jackson - Together Again (Official Music Video)', 'https://www.youtube.com/watch?v=69fx7n-D_nU'),
(432, 'Janet Jackson - All For You (Video)', 'https://www.youtube.com/watch?v=J551f-TyqjY'),
(433, 'Janet Jackson - Someone to Call My Lover (HD Remastered)', 'https://www.youtube.com/watch?v=v2xLmhAo4NE'),
(434, 'Fatboy Slim - Praise You [Official Video]', 'https://www.youtube.com/watch?v=ruAi4VBoBSM'),
(435, 'Daft Punk - Around The World (Official Video)', 'https://www.youtube.com/watch?v=K0HSD_i2DvA'),
(436, 'Robin S - Show Me Love (Official Music Video) [1993]', 'https://www.youtube.com/watch?v=Ps2Jc28tQrw'),
(437, 'Rae Sremmurd - No Flex Zone (Explicit) [Official Video]', 'https://www.youtube.com/watch?v=p2cQSPRTdhg'),
(438, 'Rae Sremmurd - No Type (Official Video)', 'https://www.youtube.com/watch?v=wzMrK-aGCug'),
(439, 'Joe Budden Ft Busta Rhymes- Fire [1080pHD]', 'https://www.youtube.com/watch?v=bqSlUHeADxQ'),
(440, 'Marques Houston - Clubbin (ft. Joe Budden) (720p)', 'https://www.youtube.com/watch?v=_y4TKcen3ZM'),
(441, 'Doves - Black And White Town (Director\'s Cut)', 'https://www.youtube.com/watch?v=7sX4K0JRIDM'),
(442, 'Persephone\'s Bees - Muzika Dlya Fil\'ma', 'https://www.youtube.com/watch?v=O1WPOjDQOHA'),
(444, 'Savatage - Hall Of The Mountain King', 'https://youtu.be/QdGD3Ukb3Q0'),
(445, 'Iron Maiden - Fear of the dark', 'https://www.youtube.com/watch?v=p32b5nNq1zw'),
(446, 'Alice in chains - Them bones', 'https://youtu.be/zTuD8k3JvxQ'),
(447, 'Seal - Crazy', 'https://youtu.be/4Fc67yQsPqQ'),
(448, 'Nightcrawlers - Push The Feeling On (Official Video)', 'https://www.youtube.com/watch?v=7-BnB3xxUoA');

--
-- Indexes for dumped tables
--

--
-- Indexes for table `playlists`
--
ALTER TABLE `playlists`
  ADD PRIMARY KEY (`playlist_id`),
  ADD UNIQUE KEY `title_UNIQUE` (`title`);

--
-- Indexes for table `playlistsvideos`
--
ALTER TABLE `playlistsvideos`
  ADD PRIMARY KEY (`psid`),
  ADD KEY `fk_playlistvideos_1_idx` (`playlist_id`),
  ADD KEY `fk_playlistvideos_2_idx` (`video_id`);

--
-- Indexes for table `videos`
--
ALTER TABLE `videos`
  ADD PRIMARY KEY (`video_id`),
  ADD UNIQUE KEY `url_UNIQUE` (`url`);

--
-- AUTO_INCREMENT for dumped tables
--

--
-- AUTO_INCREMENT for table `playlists`
--
ALTER TABLE `playlists`
  MODIFY `playlist_id` int(11) NOT NULL AUTO_INCREMENT, AUTO_INCREMENT=26;

--
-- AUTO_INCREMENT for table `playlistsvideos`
--
ALTER TABLE `playlistsvideos`
  MODIFY `psid` int(11) NOT NULL AUTO_INCREMENT, AUTO_INCREMENT=471;

--
-- AUTO_INCREMENT for table `videos`
--
ALTER TABLE `videos`
  MODIFY `video_id` int(11) NOT NULL AUTO_INCREMENT, AUTO_INCREMENT=450;

--
-- Constraints for dumped tables
--

--
-- Constraints for table `playlistsvideos`
--
ALTER TABLE `playlistsvideos`
  ADD CONSTRAINT `fk_playlistvideos_1` FOREIGN KEY (`playlist_id`) REFERENCES `playlists` (`playlist_id`) ON DELETE CASCADE ON UPDATE CASCADE,
  ADD CONSTRAINT `fk_playlistvideos_2` FOREIGN KEY (`video_id`) REFERENCES `videos` (`video_id`) ON DELETE CASCADE ON UPDATE CASCADE;
COMMIT;

/*!40101 SET CHARACTER_SET_CLIENT=@OLD_CHARACTER_SET_CLIENT */;
/*!40101 SET CHARACTER_SET_RESULTS=@OLD_CHARACTER_SET_RESULTS */;
/*!40101 SET COLLATION_CONNECTION=@OLD_COLLATION_CONNECTION */;
